                  epoch,         train/box_loss,         train/cls_loss,         train/dfl_loss,   metrics/precision(B),      metrics/recall(B),       metrics/mAP50(B),    metrics/mAP50-95(B),           val/box_loss,           val/cls_loss,           val/dfl_loss,                 lr/pg0,                 lr/pg1,                 lr/pg2
                      0,                 5.7786,                 6.9312,                 2.4209,                0.00029,                0.00935,                0.00015,                  4e-05,                 4.9234,                 6.4371,                 2.0137,                 0.0946,                 0.0006,                 0.0006
                      1,                  5.333,                 4.9675,                 2.4329,                0.01148,                0.01869,                0.00245,                0.00062,                 4.7702,                  3.945,                 1.6738,               0.088043,              0.0010426,              0.0010426
                      2,                 4.9972,                 3.2934,                 1.7656,                0.10263,                0.15888,                0.03211,                0.00672,                 4.0104,                 2.8549,                  1.335,               0.081208,               0.001208,               0.001208
                      3,                  4.111,                 2.5888,                 1.5355,                0.22713,                0.15888,                0.08305,                0.01279,                  3.648,                 2.9995,                 1.2814,               0.074096,              0.0010962,              0.0010962
                      4,                 3.7925,                 2.4724,                 1.3893,                0.22851,                0.16822,                0.10786,                0.01584,                  3.383,                 2.7445,                 1.1997,               0.066707,              0.0007072,              0.0007072
